{
  "baseline": {
    "n": 150,
    "sycophancy_rate": 0.7333333333333333,
    "rate_ci95": [
      0.66,
      0.8066666666666666
    ],
    "mean_p_syco": 0.695899020479818
  },
  "steer_layer19_scale5.0": {
    "n": 150,
    "sycophancy_rate": 0.72,
    "rate_ci95": [
      0.6466666666666666,
      0.7866666666666666
    ],
    "mean_p_syco": 0.6645018161622235
  },
  "steer_layer19_scale10.0": {
    "n": 150,
    "sycophancy_rate": 0.6266666666666667,
    "rate_ci95": [
      0.5466666666666666,
      0.7
    ],
    "mean_p_syco": 0.6365620508393588
  },
  "steer_layer19_scale20.0": {
    "n": 150,
    "sycophancy_rate": 0.5933333333333334,
    "rate_ci95": [
      0.5133333333333333,
      0.6733333333333333
    ],
    "mean_p_syco": 0.5869585920933307
  },
  "steer_layer19_scale30.0": {
    "n": 150,
    "sycophancy_rate": 0.6,
    "rate_ci95": [
      0.5266666666666666,
      0.68
    ],
    "mean_p_syco": 0.5470247942250638
  },
  "steer_layer19_scale50.0": {
    "n": 150,
    "sycophancy_rate": 0.5066666666666667,
    "rate_ci95": [
      0.4266666666666667,
      0.5866666666666667
    ],
    "mean_p_syco": 0.5153252622050424
  }
}